{
"Time":      102622.000000,
"V1":            -2.877176,
"V2":             4.569649,
"V3":            -9.553069,
"V4":             4.441079,
"V5":            -3.653961,
"V6":            -1.877981,
"V7":            -3.514353,
"V8":             1.547608,
"V9":           -2.503304,
"V10":           -7.575634,
"V11":            7.002136,
"V12":           -9.959194,
"V13":            2.122072,
"V14":           -8.884872,
"V15":           -1.644857,
"V16":           -7.189926,
"V17":          -10.445105,
"V18":           -3.271908,
"V19":            1.482277,
"V20":            0.105615,
"V21":            1.272896,
"V22":            1.300268,
"V23":           -0.003950,
"V24":           -0.360848,
"V25":           -0.597526,
"V26":           -0.390901,
"V27":            0.592197,
"V28":           -0.241010,
"Amount":       346.940000
}
